endpoint,summary,description letter count,current description,new description,new description size,questions,,,
GET /v1/connections/{connectionId}/schemas,Retrieve a Connection Schema Config,1422,"Returns the top-level schema configuration for an existing connection within your Fivetran account.  The response includes global flags, every schema, each table, and only the columns that were explicitly overridden. 

Use this endpoint to read the current data-selection tree for a connection, to back up the schema before making edits, or to copy the configuration to another connection.

> NOTE: To restore a backed-up schema or copy the configuration to another connection, use the [Update a Connection Schema Config](/docs/rest-api/api-reference/connection-schema/modify-connection-schema-config) endpoint.

For more information, see the [Connection Schema config](https://fivetran.com/docs/rest-api/tutorials/connection-schema-configuration-use-cases) tutorial.

> NOTE: Unedited columns (those following table defaults) are omitted from the response. For a real-time, exhaustive column list for a specific table, call the [Retrieve Source Table Columns Config](/docs/rest-api/api-reference/connection-schema/connection-column-config) endpoint. 

For the NetSuite SuiteAnalytics, and Salesforce and Salesforce Sandbox connectors, the 'schemas' map field contains a single entry with the 'netsuite' or 'salesforce' key, respectively. For the 'schema.name_in_destination` name field, these connectors always return the destination schema name you set in the connection setup form.

For more information on using this API endpoint with the the Oracle Fusion Cloud Applications connectors, see the [Schema information documentation](https://fivetran.com/docs/connectors/applications/oracle-fusion-cloud-applications#schemainformation).

> IMPORTANT: This endpoint does not apply to [Magic Folder](/docs/connectors/files#magicfolder) connectors.","Returns the top-level schema configuration for an existing connection within your Fivetran account.  The response includes global flags, every schema, each table, and only the columns that were explicitly overridden.   For an exhaustive column list, use the Retrieve a Source Table Column Config endpoint.",,why is netsuite and salesforce treated differently?,,,62.5
PATCH /v1/connections/{connectionId}/schemas/{schemaName},Update a Connection Database Schema Config,703,"Updates the database schema config for an existing connection within your Fivetran account (for a single schema within a connection with multiple schemas). 

> NOTE: The response contains all known schemas and tables. Also, it contains columns whose state has ever been set by the user. For more information, see also the [Connection Schema config](https://fivetran.com/docs/rest-api/tutorials/connection-schema-configuration-use-cases) tutorial. 

In this API call, the NetSuite SuiteAnalytics, Salesforce and Salesforce Sandbox connectors always return the schema name as 'netsuite' and 'salesforce', respectively. 

For more information about this API call for the Oracle Fusion Cloud Applications connectors, see our [Schema information](https://fivetran.com/docs/connectors/applications/oracle-fusion-cloud-applications#schemainformation) documentation.",Updates the database schema config for an existing connection within your Fivetran account (for a single schema within a connection with multiple schemas). ,,why is netsuite and salesforce treated differently?,,,
POST /v1/destinations,Create a Destination,669,"Creates a new destination within a specified group in your Fivetran account.

> IMPORTANT: Groups and destinations are mapped 1:1 to each other. We do this mapping using the group's `id` value that we automatically generate when you create a group, and the destination's `group_id` value that you specify when you create a destination. This means that you must create a group in your Fivetran account before you can create a destination in it.

> IMPORTANT: If you want to get the certificate details, do not set `trust_certificates` to `true` when you create a destination with our REST API. We can only provide the certificate details through the failed Validate Certificate setup test. For a full walkthrough, see [Get Destination Certificate Details](https://fivetran.com/docs/rest-api/tutorials/get-destination-certificate-details).","Creates a new destination within a specified group in your Fivetran account.

IMPORTANT: Groups and destinations are mapped 1:1 to each other.  You must create a group in your Fivetran account before you can create a destination in it.",,,,,
PATCH /v1/connections/{connectionId}/state,Update a Connection State,666,"Updates the connection state. To update the state, you should pause your connection first.

To update the connection state, do the following:

  1. Pause connection using [Update a Connection](https://fivetran.com/docs/rest-api/api-reference/connections/modify-connection) endpoint (set 'paused' to 'true').
  2. Update the state by using the [Update Connection State](https://fivetran.com/docs/rest-api/api-reference/connections/modify-connection-state) endpoint.
  3. Unpause the connection by setting the 'paused' parameter to 'false' in the [Update a Connection](https://fivetran.com/docs/rest-api/api-reference/connections/modify-connection) endpoint request.

This endpoint is only supported for [Function](https://fivetran.com/docs/connectors/functions) and [Connection SDK](https://fivetran.com/docs/connectors/connector-sdk) connectors.","Updates the connection state. To update the state, you should pause your connection first.",,,,,
POST /v1/connections,Create a Connection,572,"Creates a new connection within a specified group in your Fivetran account. Runs setup tests and returns testing results. <br />
>
> IMPORTANT: If you want to get the fingerprint details, do not set `trust_fingerprints` to `true` when you create a connection with our REST API. We can only provide the fingerprint details through the failed SSH Tunnel Connection setup test. For a full walkthrough, see [Get Connection Fingerprint Details](https://fivetran.com/docs/rest-api/tutorials/get-connection-fingerprint-details).",Creates a new connection within a specified group in your Fivetran account. Runs setup tests and returns testing results. ,,Why not just provide the fingerprint details regardless?,,,
PATCH /v1/connections/{connectionId}/schemas,Update a Connection Schema Config,551,"

> NOTE: For backward compatibility, the response may contain the 'enable_new_by_default' boolean field. It defines whether new schemas and tables discovered in the source are synced. The value is 'true' if you specify 'ALLOW_ALL' as a value of 'schema_change_handling'. In the future API versions, we may remove this field.
>
> The response contains all known schemas and tables. Also, it contains columns whose state has ever been set by the user. For more information, see also the [Connection Schema config](https://fivetran.com/docs/rest-api/tutorials/connection-schema-configuration-use-cases) tutorial.","Updates the schema config for an existing connection within your Fivetran account.  The response contains all known schemas, tables, and columns whose state has ever been set by the user. ",,,,,
PATCH /v1/connections/{connectionId},Update a Connection,534,"Updates connection parameters for an existing connection within your Fivetran account.

This endpoint requires at least one persistent configuration parameter to be specified (e.g., `sync_frequency`, `paused`, `config`, `auth`, `daily_sync_time`, `schema_status`).

> IMPORTANT: Parameters like `trust_certificates`, `trust_fingerprints`, and `run_setup_tests` are test-control parameters that affect only the behavior of setup tests during the update and do not persist in the connection configuration; they cannot be used on their own. If you want to run setup tests without making configuration changes, use the POST `/v1/connections/{connectionId}/test` endpoint instead.","Updates connection parameters for an existing connection within your Fivetran account.  
This endpoint requires at least one persistent configuration parameter to be specified (e.g., `sync_frequency`, `paused`, `config`, `auth`, `daily_sync_time`, `schema_status`).",,,,,
POST /v1/connections/{connectionId}/schemas/reload,Reload a Connection Schema Config,492,"Reloads the connection schema config for an existing connection within your Fivetran account.

> NOTE: This method reloads the full schema from the connection's data source. It may take a long time to complete the request. The method execution speed depends on the schema size and the number of databases, tables, and columns.
>
> The response contains all known schemas and tables. Also, it contains columns whose state has ever been set by the user. For more information, see also the [Connection Schema config](https://fivetran.com/docs/rest-api/tutorials/connection-schema-configuration-use-cases) tutorial.",Reloads the connection schema config for an existing connection within your Fivetran account.   It may take a long time to complete the request based on the schema size.,,,,,
PATCH /v1/connections/{connectionId}/schemas/{schemaName}/tables/{tableName}/columns/{columnName},Update a Connection Column Config,474,"Updates the column config within your table for an existing connection within your Fivetran account.

For the NetSuite SuiteAnalytics and Salesforce and Salesforce Sandbox connectors, the 'schemas' map field will always have a single entry with the 'netsuite' or 'salesforce' key, respectively.
> NOTE: The response contains all known schemas and tables. Also, it contains columns whose state has ever been set by the user. For more information, see also the [Connection Schema config](https://fivetran.com/docs/rest-api/tutorials/connection-schema-configuration-use-cases) tutorial.",Updates the column config within your table for an existing connection within your Fivetran account.,,,,,
POST /v1/connector-sdk/packages,Create Connector SDK Package,461,"Uploads a new Connector SDK package to your Fivetran account. The package must be a ZIP file containing your custom connector code. You can create the package ZIP file using the [`fivetran package` command](/docs/connector-sdk/connector-development-and-configuration/connector-sdk-commands#fivetranpackage).

After creating a package, use the standard [Create a Connection endpoint](/docs/rest-api/api-reference/connections/create-connection) with the returned `id` as `package_id` in the config.

> NOTE: Each package can only be associated with one connection at a time.",,,,,,
POST /v1/destinations/{destinationId}/certificates,Approve a Certificate for the Destination,452,"Approves a certificate, so Fivetran trusts this certificate for a destination database connection. 
The destination connection setup tests will fail if a non-approved certificate is provided.

> NOTE: This is only required for destination connections based on the following databases: 
>  - [MySQL](https://fivetran.com/docs/destinations/mysql#supportedimplementations)
>  - [PostgreSQL](https://fivetran.com/docs/destinations/postgresql#supportedimplementations)
>  - [SQLServer](https://fivetran.com/docs/destinations/sql-server#supportedimplementations)",,,,,,
POST /v1/connections/{connectionId}/certificates,Approve a Certificate for the Connection,431,"Approves a certificate, so Fivetran trusts this certificate for a source database connection. 
The connection setup tests will fail if a non-approved certificate is provided.

> NOTE: This is only required for source connections based on the following databases: 
>  - [MySQL](https://fivetran.com/docs/connectors/databases/mysql#supportedservices)
>  - [PostgreSQL](https://fivetran.com/docs/connectors/databases/postgresql#supportedservices)
>  - [SQLServer](https://fivetran.com/docs/connectors/databases/sql-server#supportedservices)",,,,,,
GET /v1/metadata/connector-types,Retrieve Source Metadata,376,"Returns all available source types within your Fivetran account. This endpoint makes it easier to display Fivetran connectors within your application because it provides metadata including the proper source name ('Facebook Ads' instead of 'facebook_ads'), the source icon, information about the Hybrid deployment support, and links to Fivetran resources. As we update source names and icons, that metadata will automatically update within this endpoint",,,,,,
POST /v1/connections/{connectionId}/sync,Sync Connection Data,375,"Triggers a data sync for an existing connection within your Fivetran account without waiting for the next scheduled sync. This action does not override the standard sync frequency you defined in the Fivetran dashboard.

When `schedule_type` is set to `manual`, this endpoint is the only way syncs occur — including syncs in a `rescheduled` state. For a full walkthrough, see [Trigger Manual Syncs](https://fivetran.com/docs/rest-api/tutorials/trigger-syncs-manually).",Triggers a data sync for an existing connection within your Fivetran account without waiting for the next scheduled sync. This action does not override the standard sync frequency you defined in the Fivetran dashboard.,,,,,
POST /v1/connections/{connectionId}/schemas,Set Up a New Connection Schema Config,343,"Configures a Connection Schema for a new connection before the schema is captured from the source.

> NOTE: The response returns the exact settings provided in the request.

After the initial sync, when the connection captures the schema from the source, Fivetran attempts to apply the specified settings to the actual schema.
If certain tables or columns cannot be excluded, the settings for those entities are ignored.",,,,,,
GET /public/connector-types,Retrieve Source Metadata Public Endpoint,339,"Returns all available source types. This endpoint provides metadata including the proper source name (‘Facebook Ads’ instead of facebook_ads), the source icon, feature tables, information about the Hybrid deployment support, information about the Authorization via API support, and links to Fivetran resources. As we update source names and icons, that metadata will automatically update within this endpoint.",,,,,,
POST /v1/groups,Create a Group,325,"Creates a new group in your Fivetran account. 

> IMPORTANT: Groups and destinations are mapped 1:1 to each other. We do this mapping using the group's `id` value that we automatically generate when you create a group, and the destination's `group_id` value that you specify when you create a destination. This means that you must create a group in your Fivetran account before you can create a destination in it.",,,,,,
GET /v1/destinations/{destinationId},Retrieve Destination Details,300,"Returns a destination object if a valid identifier was provided.

To find a destination's unique identifier, call the [List All Groups](https://fivetran.com/docs/rest-api/groups#listallgroups) endpoint and search the response `items` for your target destination by its `name` field. The group's `id` value is also the destination's `id`, since groups and destinations are mapped 1:1.",,,,,,
POST /v1/connections/{connectionId}/resync,Re-sync Connection Data (Historical Sync),296,"Triggers a full historical sync of a connection or multiple schema tables within a connection. If the connection is paused, the table sync will be scheduled to be performed when the connection is re-enabled. If there is a data sync already in progress, we will try to complete it. If it fails, the request will be declined and the HTTP 409 Conflict error will be returned.",,,,,,
POST /v1/private-links,Create a Private Link,283,"Creates a new private link in your Fivetran account. 

> NOTE: See the [Set Up a Connection With Private Links tutorial](/docs/rest-api/tutorials/set-up-connection-with-private-links) to learn how to use this endpoint to set up a [database connection](/docs/connectors/databases) with [private networking](/docs/using-fivetran/features#privatenetworking).",,,,,,
POST /v1/connections/{connectionId}/test,Run Connection Setup Tests,269,Runs the setup tests for an existing connection within your Fivetran account. Use this parameter to test the connection without making any configuration changes. You can optionally include `trust_certificates` or `trust_fingerprints` parameters to automatically approve certificates or fingerprints during the test run.,,,,,,
PATCH /v1/connections/{connectionId}/schemas/{schemaName}/tables/{tableName},Update a Connection Table Config,250,"Updates the table config within your database schema for an existing connection within your Fivetran account.

For the NetSuite SuiteAnalytics and Salesforce and Salesforce Sandbox connectors, the 'schemas' map field will always have a single entry with the 'netsuite' or 'salesforce' key, respectively.",,,,,,
DELETE /v1/connections/{connectionId}/schemas/{schemaName}/tables/{tableName}/columns/{columnName},Drop a Blocked Column From the Destination,250,"Marks a blocked column for deletion from your destination table. The column will be dropped during the next sync.

For the NetSuite SuiteAnalytics and Salesforce and Salesforce Sandbox connectors, the 'schemas' map field will always have a single entry with the 'netsuite' or 'salesforce' key, respectively.",,,,,,
GET /v1/connections/{connectionId}/state,Retrieve Connection State,210,"Returns the connection state. This endpoint is only supported for Function and Connection SDK connectors. To update the connection state, use [Update Connection State](https://fivetran.com/docs/rest-api/api-reference/connections/modify-connection-state).",,,,,,
GET /v1/connections/{connectionId}/schemas/{schema}/tables/{table}/columns,Retrieve Source Table Columns Config,206,"Returns the real-time column list for one source table by querying the source. The response includes the current enabled and hashed flags, and the patchable fields. 

> NOTE: This endpoint works only for an existing connection that is in a 'Connected' state.",,,,,,
POST /v1/certificates,(Deprecated) Approve a Certificate,182,"Approves a certificate for a connection/destination, so Fivetran trusts this certificate for a source/destination database. The connection/destination setup tests will fail if a non-approved certificate is provided.",,,,,,
DELETE /v1/connector-sdk/packages/{package_id},Delete Connector SDK Package,178,"Permanently deletes a Connector SDK package from your Fivetran account.

> **Warning:** Packages that are associated with a connection cannot be deleted. You must first delete the connection before deleting the package.",,,,,,
POST /v1/users,Invite a User,156,Invites a new user to your Fivetran account. The invited user will have access to the account only after accepting the invitation. Invited user details are still accessible through the API.,,,,,,
PATCH /v1/connector-sdk/packages/{package_id},Update Connector SDK Package,155,"Updates an existing Connector SDK package by uploading a new version of the connector code.

All connections using this package will automatically use the updated code on their next sync.",,,,,,
POST /v1/connections/{connectionId}/schemas/tables/resync,Re-sync Connection Table Data,153,Triggers a historical sync of all data for multiple schema tables within a connection. This action does not override the standard sync frequency you defined in the Fivetran dashboard.,,,,,,
DELETE /v1/external-secrets-managers/{esmId},Delete an External Secrets Manager,123,Deletes an External Secrets Manager instance from your Fivetran account. The instance must not be in use by any source connections or destinations.,,,,,,
POST /v1/webhooks/{webhookId}/test,Test a Webhook,121,The endpoint allows you to test an existing webhook. It sends a webhook with a given identifier for a dummy connection with identifier _connection_1,,,,,,
GET /v1/connector-sdk/packages/{package_id}/download,Download Connector SDK Package,121,"Downloads the connector code package file (code.zip) for a specific Connector SDK package.

This endpoint returns the raw ZIP file as an octet-stream.",,,,,,
GET /v1/external-secrets-managers-entities,List All Entities Using External Secrets Managers,111,Returns a list of all source connections and destinations that are using any External Secrets Manager within your Fivetran account.,,,,,,
GET /v1/hybrid-deployment-agents,List Hybrid Deployment Agents,109,"Returns list of all Hybrid Deployment Agents within your Fivetran account, along with usage. Optionally filtered to a single group.",,,,,,
POST /v1/destinations/{destinationId}/fingerprints,Approve a Fingerprint for the Destination,105,"Approves a fingerprint, enabling Fivetran to trust it for a destination database and establish connections via an SSH tunnel.",,,,,,
DELETE /v1/destinations/{destinationId}/fingerprints/{hash},Revoke Destination Fingerprint,102,"Revokes a fingerprint, so Fivetran no longer trusts it while connecting to the destination database through an SSH tunnel.",,,,,,
POST /v1/connections/{connectionId}/schemas/drop-columns,Drop Blocked Columns from the Destination.,102,Mark multiple blocked columns for deletion from your destination tables. The columns will be dropped during the next sync.,,,,,,
DELETE /v1/users/{id},Delete a User,101,Deletes a user from your Fivetran account. You will be unable to delete an account owner user if there is only one remaining.,,,,,,
PATCH /v1/external-logging/{logId},Update a Group Log Service,100,Updates information for an existing group-level [logging service](/docs/logs/external-logs) within your Fivetran account.,,,,,,
POST /v1/connections/{connectionId}/fingerprints,Approve a Fingerprint for the Connection,100,"Approves a fingerprint, enabling Fivetran to trust it for a source database and establish connections via an SSH tunnel.",,,,,,
POST /v1/external-logging/{logId}/test,Run Group Log Service Setup Tests,99,Runs the setup tests for an existing group-level [logging service](/docs/logs/external-logs) within your Fivetran account.,,,,,,
DELETE /v1/connections/{connectionId}/fingerprints/{hash},Revoke Connection Fingerprint,97,"Revokes a fingerprint, so Fivetran no longer trusts it while connecting to the source database through an SSH tunnel.",,,,,,
POST /v1/external-logging,Create a Group Log Service,97,Creates a new group-level [logging service](/docs/logs/external-logs) within a specified group in your Fivetran account.,,,,,,
GET /v1/metadata/connector-types/{service},Retrieve Connector Configuration Metadata,92,Returns metadata of configuration parameters and authorization parameters for a specified connector type.,,,,,,
GET /v1/destinations/{destinationId}/certificates/{hash},Retrieve Destination Certificate Details,92,Returns details of the certificate approved for the specified destination with specified certificate hash.,,,,,,
GET /v1/connections/{connectionId}/certificates/{hash},Retrieve Connection Certificate Details,91,Returns details of the certificate approved for the specified connection with specified certificate hash.,,,,,,
GET /v1/transformations/package-metadata/{package_definition_id},Retrieve a Quickstart Package Metadata Details,89,Returns the metadata details of the Quickstart transformation package if a valid identifier is provided.,,,,,,
GET /v1/external-secrets-managers/{esmId}/entities,List Entities Using an External Secrets Manager,89,Returns a list of source connections and destinations that are using a specific External Secrets Manager.,,,,,,
GET /v1/external-logging,List All Log Services within Account,87,Returns a list of all accessible [logging services](/docs/logs/external-logs) within your Fivetran account.,,,,,,
GET /v1/external-logging/{logId},Retrieve Group Log Service Details,87,Returns a group-level [logging service](/docs/logs/external-logs) object if a valid identifier was provided.,,,,,,
POST /v1/transformations/{transformationId}/upgrade,Upgrade Transformation Package,85,Upgrades the Quickstart transformation package to latest version if a valid identifier is provided.,,,,,,
POST /v1/system-keys/{keyId}/rotate,Rotate a System Key,84,Updates the secret value and expired_at date for an existing system key within your Fivetran account.,,,,,,
GET /v1/webhooks,List all Webhooks,84,The endpoint allows you to retrieve the list of existing webhooks available for the current account,,,,,,
DELETE /v1/destinations/{destinationId}/certificates/{hash},Revoke Destination Certificate,84,"Revokes a certificate, so Fivetran no longer trusts it while connecting to the destination database.",,,,,,
DELETE /v1/connections/{connectionId}/certificates/{hash},Revoke Connection Certificate,79,"Revokes a certificate, so Fivetran no longer trusts it while connecting to the source database.",,,,,,
GET /v1/transformation-projects,List all Transformation Projects,79,Returns a list of all transformation projects available via API within your Fivetran account.,,,,,,
GET /v1/proxy/{agentId}/connections,List All Connections Attached to the Proxy Agent,78,Returns all connections attached to the specified proxy agent within your Fivetran account.,,,,,,
GET /v1/webhooks/{webhookId},Retrieve Webhook Details,77,This endpoint allows you to retrieve details of the existing webhook for a given identifier,,,,,,
GET /v1/groups/{groupId}/connections,List All Connections within a Group,77,Returns a list of information about all connections within a group in your Fivetran account.,,,,,,
GET /v1/destinations/{destinationId}/fingerprints/{hash},Retrieve Destination Fingerprint Details,76,Returns SSH fingerprint details approved for specified destination with specified hash,,,,,,
GET /v1/connections/{connectionId},Retrieve Connection Details,76,Returns a connection configuration and status details if a valid identifier was provided.,,,,,,
GET /v1/connections/{connectionId}/fingerprints/{hash},Retrieve Connection Fingerprint Details,75,Returns SSH fingerprint details approved for specified connection with specified hash,,,,,,
DELETE /v1/external-logging/{logId},Delete a Group Log Service,75,Deletes a group-level [logging service](/docs/logs/external-logs) from your Fivetran account.,,,,,,
GET /v1/external-secrets-managers,List all External Secrets Managers,73,Returns a list of all External Secrets Manager instances within your Fivetran account.,,,,,,
GET /v1/groups/{groupId}/users,List All Users within a Group,71,Returns a list of information about all users within a group in your Fivetran account.,,,,,,
PATCH /v1/external-logging/account,Update Account Log Service,70,Updates information for the account-level [logging service](/docs/logs/external-logs).,,,,,,
GET /v1/transformations/package-metadata,List All Quickstart Package Metadata,69,Returns a list of available Quickstart transformation package metadata details.,,,,,,
PATCH /v1/private-links/{privateLinkId},Update a Private Link,67,Updates information for an existing private link within your Fivetran account.,,,,,,
PATCH /v1/destinations/{destinationId},Update a Destination,67,Updates information for an existing destination within your Fivetran account.,,,,,,
DELETE /v1/webhooks/{webhookId},Delete a Webhook,66,This endpoint allows you to delete an existing webhook with a given identifier,,,,,,
PATCH /v1/webhooks/{webhookId},Update a Webhook,66,The endpoint allows you to update the existing webhook with a given identifier,,,,,,
POST /v1/destinations/{destinationId}/test,Run Destination Setup Tests,66,Runs the setup tests for an existing destination within your Fivetran account.,,,,,,
GET /v1/external-logging/account,Retrieve Account Log Service,66,Returns the account-level [logging service](/docs/logs/external-logs) if it exists.,,,,,,
GET /v1/roles,List all roles,66,Returns a list of all predefined and custom roles within your Fivetran account.,,,,,,
DELETE /v1/users/{userId}/role,Delete Account Role,66,"Removes a user's role from an account, but the user remains a member of the account.",,,,,,
POST /v1/external-secrets-managers,Create an External Secrets Manager,66,Creates a new External Secrets Manager instance within your Fivetran account.,,,,,,
POST /v1/transformations/{transformationId}/cancel,Cancel Running Transformation,66,Cancels the execution of the transformation if a valid identifier is provided.,,,,,,
PATCH /v1/external-secrets-managers/{esmId},Update an External Secrets Manager,65,Updates the configuration of an existing External Secrets Manager instance.,,,,,,
GET /v1/transformation-projects/{projectId},Retrieve Transformation Project Details,64,Returns transformation project details if a valid identifier was provided.,,,,,,
GET /v1/teams/{teamId}/users,List All User Memberships,64,Returns a list of users and their roles within a team in your Fivetran account,,,,,,
GET /v1/destinations,List All Destinations Within Account,64,Returns a list of all accessible destinations within your Fivetran account.,,,,,,
GET /v1/users/{userId}/connections,List All Connection Memberships,63,Returns all connection membership for a user within your Fivetran account.,,,,,,
GET /v1/connections,List All Connections,63,Returns a list of all accessible connections within your Fivetran account.,,,,,,
GET /v1/destinations/{destinationId}/fingerprints,List Fingerprints Approved for the Destination,62,Returns the list of approved SSH fingerprints for specified destination,,,,,,
GET /v1/destinations/{destinationId}/certificates,List Certificates Approved for the Destination,62,Returns the list of approved certificates for the specified destination.,,,,,,
PATCH /v1/groups/{groupId},Update a Group,61,Updates information for an existing group within your Fivetran account.,,,,,,
GET /v1/connections/{connectionId}/fingerprints,List Fingerprints Approved for the Connection,61,Returns the list of approved SSH fingerprints for specified connection,,,,,,
GET /v1/connections/{connectionId}/certificates,List Certificates Approved for the Connection,61,Returns the list of approved certificates for the specified connection.,,,,,,
PATCH /v1/users/{userId},Update a User,60,Updates information for an existing user within your Fivetran account.,,,,,,
PATCH /v1/teams/{teamId},Update a Team,60,Updates information for an existing team within your Fivetran account,,,,,,
POST /v1/webhooks/account,Create an Account Webhook,60,This endpoint allows you to create a new webhook for the current account.,,,,,,
GET /v1/external-secrets-managers/{esmId},Retrieve External Secrets Manager Details,59,Returns the details of an existing External Secrets Manager instance.,,,,,,
GET /v1/connector-sdk/packages,List All Connector SDK Packages,58,Returns a list of all Connector SDK packages in your Fivetran account.,,,,,,
PATCH /v1/transformation-projects/{projectId},Update Transformation Project,57,Updates transformation project if a valid identifier was provided.,,,,,,
GET /v1/transformations/{transformationId},Retrieve Transformation Details,57,Returns a transformation details if a valid identifier is provided.,,,,,,
GET /v1/transformations,List all Transformations,57,Returns a list of all transformations within your Fivetran account.,,,,,,
DELETE /v1/transformation-projects/{projectId},Delete Transformation Project,57,Deletes transformation project if a valid identifier was provided.,,,,,,
GET /v1/teams/{teamId},Retrieve Team Details,56,Returns information for a given team within your Fivetran account,,,,,,
DELETE /v1/external-logging/account,Delete Account Log Service,56,Deletes the account-level [logging service](/docs/logs/external-logs).,,,,,,
POST /v1/proxy/{agentId}/regenerate-secrets,Regenerate Secrets for Proxy Agent,55,Regenerate secrets for proxy agent within your Fivetran account.,,,,,,
POST /v1/external-logging/account,Create Account Log Service,55,Creates an account-level [logging service](/docs/logs/external-logs).,,,,,,
POST /v1/webhooks/group/{groupId},Create a Group Webhook,54,This endpoint allows you to create a new webhook for a given group,,,,,,
GET /v1/private-links/{privateLinkId},Retrieve Private Link Details,54,Returns a private link object if a valid identifier was provided.,,,,,,
GET /v1/users/{userId}/groups,List All Group Memberships,53,Returns the membership details for all groups a user belongs to.,,,,,,
GET /v1/proxy,List all Proxy Agents,53,Returns a list of all proxy agents within your Fivetran account.,,,,,,
PATCH /v1/transformations/{transformationId},Update a Transformation,52,Updates the transformation if a valid identifier is provided.,,,,,,
GET /v1/groups/{groupId}/public-key,Retrieve Group Public SSH Key,52,Returns public key from SSH key pair associated with the group.,,,,,,
DELETE /v1/groups/{groupId}/users/{userId},Remove a User from a Group,52,Removes an existing user from a group in your Fivetran account.,,,,,,
DELETE /v1/proxy/{agentId},Delete a Proxy Agent,52,Deletes the specified proxy agent from your Fivetran account.,,,,,,
PATCH /v1/system-keys/{keyId},Update a System Key,51,Updates an existing system key within your Fivetran account.,,,,,,
GET /v1/groups/{groupId}/service-account,Retrieve Group Service Account,51,Returns Fivetran service account associated with the group.,,,,,,
GET /v1/system-keys/{keyId},Retrieve System Key Details,50,Retrieves a system key object within your Fivetran account.,,,,,,
DELETE /v1/transformations/{transformationId},Delete a Transformation,50,Deletes a transformation if a valid identifier is provided.,,,,,,
POST /v1/transformations/{transformationId}/run,Run Transformation,49,Runs the transformation if a valid identifier is provided.,,,,,,
GET /v1/system-keys,List All System Keys,49,Returns a list of system keys within your Fivetran account.,,,,,,
PATCH /v1/hybrid-deployment-agents/{agentId}/re-auth,Regenerate Authentication Keys,49,Regenerate authentication for a Hybrid Deployment Agent.,,,,,,
GET /v1/users/{userId}/connections/{connectionId},Retrieve Connection Membership,48,Returns the details of a user's membership in a connection.,,,,,,
GET /v1/groups,List All Destinations within Account,48,Returns a list of all groups within your Fivetran account.,,,,,,
GET /v1/groups/{groupId},Retrieve Group Details,48,Returns a group object if a valid identifier was provided.,,,,,,
POST /v1/transformation-projects/{projectId}/test,Test Transformation Project,47,Triggers tests for an existing transformation project.,,,,,,
GET /v1/account/info,Get Account Info from the API Key,47,Returns information about current account from API key.,,,,,,
GET /v1/users/{userId},Retrieve User Details,47,Returns a user object if a valid identifier was provided.,,,,,,
GET /v1/users,List All Users,47,Returns a list of all users within your Fivetran account.,,,,,,
GET /v1/teams,List All Teams,47,Returns a list of all teams within your Fivetran account,,,,,,
POST /v1/groups/{groupId}/users,Add a User to a Group,47,Adds an existing user to a group in your Fivetran account.,,,,,,
POST /v1/proxy,Create a Proxy Agent,46,Creates a new proxy agent within your Fivetran account.,,,,,,
GET /v1/connector-sdk/packages/{package_id},Retrieve Connector SDK Package Details,45,Returns details for a specific Connector SDK package.,,,,,,
GET /v1/teams/{teamId}/connections/{connectionId},Retrieve Connection Membership,44,Returns details of a team membership in a connection.,,,,,,
GET /v1/proxy/{agentId},Retrieve Proxy Agent Details,43,Retrieves the details of the specified proxy agent.,,,,,,
POST /v1/system-keys,Create a System Key,43,Creates a new system key with your Fivetran account.,,,,,,
GET /v1/teams/{teamId}/users/{userId},Retrieve User Membership in a Team,42,Returns the membership details for a user in a team.,,,,,,
POST /v1/connections/{connectionId}/connect-card,Create a Connect Card,42,Generates the Connect Card URI for the connection,,,,,,
DELETE /v1/private-links/{privateLinkId},Delete a Private Link,42,Deletes a private link from your Fivetran account.,,,,,,
DELETE /v1/destinations/{destinationId},Delete a Destination,42,Deletes a destination from your Fivetran account.,,,,,,
GET /v1/teams/{teamId}/groups,List All Group Memberships,41,Returns all groups in which a team has membership.,,,,,,
GET /v1/teams/{teamId}/connections,List All Connection Memberships,41,Returns all connections a team has membership in.,,,,,,
POST /v1/hybrid-deployment-agents/{agentId}/reset-credentials,Reset Agent Credentials,41,Reset credentials for a Hybrid Deployment Agent.,,,,,,
DELETE /v1/connections/{connectionId},Delete a Connection,41,Deletes a connection from your Fivetran account.,,,,,,
POST /v1/hvr/register-hub,Register Hub,40,Register a new hub within your Fivetran account.,,,,,,
DELETE /v1/system-keys/{keyId},Delete a System Key,40,Deletes a system key from your Fivetran account.,,,,,,
POST /v1/hybrid-deployment-agents,Create a Hybrid Deployment Agent,40,Creates a new Hybrid Deployment Agent in a group.,,,,,,
GET /v1/teams/{teamId}/groups/{groupId},Retrieve Group Membership Details,39,Returns details of a team membership in a group.,,,,,,
GET /v1/users/{userId}/groups/{groupId},Retrieve Group Membership Details,38,Returns details of a user membership in group.,,,,,,
DELETE /v1/groups/{groupId},Delete a Group,36,Deletes a group from your Fivetran account.,,,,,,
POST /v1/teams,Create a Team,36,Creates a new team in your Fivetran account,,,,,,
GET /v1/hybrid-deployment-agents/{agentId},Returns Hybrid Deployment Agent Details,35,Returns Hybrid Deployment Agent Details.,,,,,,
DELETE /v1/teams/{teamId}/role,Delete Team from Account,35,Removes a team from your Fivetran account,,,,,,
DELETE /v1/teams/{teamId},Delete a Team,35,Deletes a team from your Fivetran account,,,,,,
PATCH /v1/users/{userId}/connections/{connectionId},Update Connection Membership,34,Updates user membership in a connection.,,,,,,
PATCH /v1/teams/{teamId}/connections/{connectionId},Update Connection Membership,34,Updates team membership in a connection,,,,,,
DELETE /v1/users/{userId}/connections/{connectionId},Delete Connection Membership,34,Removes user membership in a connection.,,,,,,
DELETE /v1/teams/{teamId}/connections/{connectionId},Delete Connection Membership,34,Removes team membership in a connection.,,,,,,
POST /v1/transformation-projects,Create Transformation Project,32,Creates a new transformation project.,,,,,,
DELETE /v1/teams/{teamId}/groups/{groupId},Delete Group Membership,31,Removes a team's membership in a group.,,,,,,
POST /v1/teams/{teamId}/connections,Add Connection Membership,31,Adds a team as a member of a connection.,,,,,,
PATCH /v1/teams/{teamId}/groups/{groupId},Update Group Membership,29,Updates team membership in a group.,,,,,,
PATCH /v1/teams/{teamId}/users/{userId},Update a User Membership,29,Updates a user membership in a team.,,,,,,
GET /v1/private-links,List All Private Links,29,Returns a list of all private links.,,,,,,
DELETE /v1/hybrid-deployment-agents/{agentId},Delete a Hybrid Deployment Agent,28,Delete a Hybrid Deployment Agent.,,,,,,
POST /v1/teams/{teamId}/users,Add a User to the Team,27,Assigns a role for a user in a team.,,,,,,
POST /v1/users/{userId}/groups,Add Group Membership,27,Adds a user membership in a group.,,,,,,
PATCH /v1/users/{userId}/groups/{groupId},Update Group Membership,26,Updates user group membership.,,,,,,
POST /v1/teams/{teamId}/groups,Add Group Membership,26,Adds a team as a member of a group.,,,,,,
POST /v1/transformations,Create a Transformation,25,Creates a new transformation.,,,,,,
POST /v1/users/{userId}/connections,Add a Connection Membership,25,Adds a connection membership,,,,,,
DELETE /v1/users/{userId}/groups/{groupId},Delete Group Membership,21,Removes user from a group.,,,,,,
DELETE /v1/teams/{teamId}/users/{userId},Delete a User from a Team,21,Removes a user from a team.,,,,,,